AdoptSageGrouse,http://a.cms.omniupdate.com/10/#usu/extension/AdoptSageGrouse/browse/staging/
AdoptSageGrouse19,http://a.cms.omniupdate.com/10/#usu/extension/AdoptSageGrouse19/browse/staging/
Aging,http://a.cms.omniupdate.com/10/#usu/extension/Aging/browse/staging/
AgrAbility,http://a.cms.omniupdate.com/10/#usu/extension/AgrAbility/browse/staging/
Agribusiness,http://a.cms.omniupdate.com/10/#usu/extension/Agribusiness/browse/staging/
Agronomy,http://a.cms.omniupdate.com/10/#usu/extension/Agronomy/browse/staging/
AgWasteManagement,http://a.cms.omniupdate.com/10/#usu/extension/AgWasteManagement/browse/staging/
AnimalHealth,http://a.cms.omniupdate.com/10/#usu/extension/AnimalHealth/browse/staging/
APECExtension,http://a.cms.omniupdate.com/10/#usu/extension/APECExtension/browse/staging/
Awards,http://a.cms.omniupdate.com/10/#usu/extension/Awards/browse/staging/
AWARE,http://a.cms.omniupdate.com/10/#usu/extension/AWARE/browse/staging/
Beaver,http://a.cms.omniupdate.com/10/#usu/extension/Beaver/browse/staging/
Beekeeping,http://a.cms.omniupdate.com/10/#usu/extension/Beekeeping/browse/staging/
BeetleKill,http://a.cms.omniupdate.com/10/#usu/extension/BeetleKill/browse/staging/
BeetleKillTimer,http://a.cms.omniupdate.com/10/#usu/extension/BeetleKillTimer/browse/staging/
Behave,http://a.cms.omniupdate.com/10/#usu/extension/Behave/browse/staging/
BoxElder,http://a.cms.omniupdate.com/10/#usu/extension/BoxElder/browse/staging/
BoxElder4-H,http://a.cms.omniupdate.com/10/#usu/extension/BoxElder4-H/browse/staging/
BuildingStrongChildren,http://a.cms.omniupdate.com/10/#usu/extension/BuildingStrongChildren/browse/staging/
Cache,http://a.cms.omniupdate.com/10/#usu/extension/Cache/browse/staging/
Canning,http://a.cms.omniupdate.com/10/#usu/extension/Canning/browse/staging/
CAPS,http://a.cms.omniupdate.com/10/#usu/extension/CAPS/browse/staging/
Carbon,http://a.cms.omniupdate.com/10/#usu/extension/Carbon/browse/staging/
CarbonCounty4-H,http://a.cms.omniupdate.com/10/#usu/extension/CarbonCounty4-H/browse/staging/
ChangeMakesSense,http://a.cms.omniupdate.com/10/#usu/extension/ChangeMakesSense/browse/staging/
Chicken,http://a.cms.omniupdate.com/10/#usu/extension/Chicken/browse/staging/
Clone,http://a.cms.omniupdate.com/10/#usu/extension/Clone/browse/staging/
CloneSubdomain,http://a.cms.omniupdate.com/10/#usu/extension/CloneSubdomain/browse/staging/
Conference,http://a.cms.omniupdate.com/10/#usu/extension/Conference/browse/staging/
CreateBetterHealth,http://a.cms.omniupdate.com/10/#usu/extension/CreateBetterHealth/browse/staging/
CWEL,http://a.cms.omniupdate.com/10/#usu/extension/CWEL/browse/staging/
CyberLivestock,http://a.cms.omniupdate.com/10/#usu/extension/CyberLivestock/browse/staging/
Dairy,http://a.cms.omniupdate.com/10/#usu/extension/Dairy/browse/staging/
Davis,http://a.cms.omniupdate.com/10/#usu/extension/Davis/browse/staging/
DirtDiggersDigest,http://a.cms.omniupdate.com/10/#usu/extension/DirtDiggersDigest/browse/staging/
Diverse_Ag,http://a.cms.omniupdate.com/10/#usu/extension/Diverse_Ag/browse/staging/
diversity,http://a.cms.omniupdate.com/10/#usu/extension/diversity/browse/staging/
Divorce,http://a.cms.omniupdate.com/10/#usu/extension/Divorce/browse/staging/
Dixie4h,http://a.cms.omniupdate.com/10/#usu/extension/Dixie4h/browse/staging/
DixieGardener,http://a.cms.omniupdate.com/10/#usu/extension/DixieGardener/browse/staging/
Duchesne,http://a.cms.omniupdate.com/10/#usu/extension/Duchesne/browse/staging/
elearning,http://a.cms.omniupdate.com/10/#usu/extension/elearning/browse/staging/
Emery,http://a.cms.omniupdate.com/10/#usu/extension/Emery/browse/staging/
Employee,http://a.cms.omniupdate.com/10/#usu/extension/Employee/browse/staging/
Equine,http://a.cms.omniupdate.com/10/#usu/extension/Equine/browse/staging/
ESP,http://a.cms.omniupdate.com/10/#usu/extension/ESP/browse/staging/
Espanol,http://a.cms.omniupdate.com/10/#usu/extension/Espanol/browse/staging/
Experts,http://a.cms.omniupdate.com/10/#usu/extension/Experts/browse/staging/
extension,http://a.cms.omniupdate.com/10/#usu/extension/extension/browse/staging/
FieldGuides,http://a.cms.omniupdate.com/10/#usu/extension/FieldGuides/browse/staging/
Finance,http://a.cms.omniupdate.com/10/#usu/extension/Finance/browse/staging/
Food,http://a.cms.omniupdate.com/10/#usu/extension/Food/browse/staging/
Food_Biz,http://a.cms.omniupdate.com/10/#usu/extension/Food_Biz/browse/staging/
FoodPreservation,http://a.cms.omniupdate.com/10/#usu/extension/FoodPreservation/browse/staging/
FoodSafety,http://a.cms.omniupdate.com/10/#usu/extension/FoodSafety/browse/staging/
FoodSense,http://a.cms.omniupdate.com/10/#usu/extension/FoodSense/browse/staging/
FoodSenseSpanish,http://a.cms.omniupdate.com/10/#usu/extension/FoodSenseSpanish/browse/staging/
FoodStorage,http://a.cms.omniupdate.com/10/#usu/extension/FoodStorage/browse/staging/
Forestry,http://a.cms.omniupdate.com/10/#usu/extension/Forestry/browse/staging/
fscreate,http://a.cms.omniupdate.com/10/#usu/extension/fscreate/browse/staging/
Garfield,http://a.cms.omniupdate.com/10/#usu/extension/Garfield/browse/staging/
Grand,http://a.cms.omniupdate.com/10/#usu/extension/Grand/browse/staging/
HBE,http://a.cms.omniupdate.com/10/#usu/extension/HBE/browse/staging/
HealthWellness,http://a.cms.omniupdate.com/10/#usu/extension/HealthWellness/browse/staging/
HealthWellnessSummit,http://a.cms.omniupdate.com/10/#usu/extension/HealthWellnessSummit/browse/staging/
HealthyFamilyFun,http://a.cms.omniupdate.com/10/#usu/extension/HealthyFamilyFun/browse/staging/
HealthyRelationshipsUtah,http://a.cms.omniupdate.com/10/#usu/extension/HealthyRelationshipsUtah/browse/staging/
Heart,http://a.cms.omniupdate.com/10/#usu/extension/Heart/browse/staging/
HowToUtah,http://a.cms.omniupdate.com/10/#usu/extension/HowToUtah/browse/staging/
HungerSolutions,http://a.cms.omniupdate.com/10/#usu/extension/HungerSolutions/browse/staging/
IGPLive,http://a.cms.omniupdate.com/10/#usu/extension/IGPLive/browse/staging/
IORT,http://a.cms.omniupdate.com/10/#usu/extension/IORT/browse/staging/
IPM,http://a.cms.omniupdate.com/10/#usu/extension/IPM/browse/staging/
Iron,http://a.cms.omniupdate.com/10/#usu/extension/Iron/browse/staging/
ironmg,http://a.cms.omniupdate.com/10/#usu/extension/ironmg/browse/staging/
Irrigation,http://a.cms.omniupdate.com/10/#usu/extension/Irrigation/browse/staging/
Juab,http://a.cms.omniupdate.com/10/#usu/extension/Juab/browse/staging/
Kane,http://a.cms.omniupdate.com/10/#usu/extension/Kane/browse/staging/
KidsCamps,http://a.cms.omniupdate.com/10/#usu/extension/KidsCamps/browse/staging/
Marketing,http://a.cms.omniupdate.com/10/#usu/extension/Marketing/browse/staging/
MarriageSurvival,http://a.cms.omniupdate.com/10/#usu/extension/MarriageSurvival/browse/staging/
MasterFoodPreserver,http://a.cms.omniupdate.com/10/#usu/extension/MasterFoodPreserver/browse/staging/
MasterGardener,http://a.cms.omniupdate.com/10/#usu/extension/MasterGardener/browse/staging/
Media,http://a.cms.omniupdate.com/10/#usu/extension/Media/browse/staging/
Medusahead,http://a.cms.omniupdate.com/10/#usu/extension/Medusahead/browse/staging/
Millard,http://a.cms.omniupdate.com/10/#usu/extension/Millard/browse/staging/
Morgan,http://a.cms.omniupdate.com/10/#usu/extension/Morgan/browse/staging/
MPR,http://a.cms.omniupdate.com/10/#usu/extension/MPR/browse/staging/
NACAA2017,http://a.cms.omniupdate.com/10/#usu/extension/NACAA2017/browse/staging/
NatureHighCamp,http://a.cms.omniupdate.com/10/#usu/extension/NatureHighCamp/browse/staging/
OgdenBotanicalGardens,http://a.cms.omniupdate.com/10/#usu/extension/OgdenBotanicalGardens/browse/staging/
OUCampus,http://a.cms.omniupdate.com/10/#usu/extension/OUCampus/browse/staging/
Permaculture,http://a.cms.omniupdate.com/10/#usu/extension/Permaculture/browse/staging/
PesticideLicensing,http://a.cms.omniupdate.com/10/#usu/extension/PesticideLicensing/browse/staging/
pesticidetrial,http://a.cms.omniupdate.com/10/#usu/extension/pesticidetrial/browse/staging/
Piute,http://a.cms.omniupdate.com/10/#usu/extension/Piute/browse/staging/
ProductionHort,http://a.cms.omniupdate.com/10/#usu/extension/ProductionHort/browse/staging/
Range-Plants-of-Utah,http://a.cms.omniupdate.com/10/#usu/extension/Range-Plants-of-Utah/browse/staging/
rangelands,http://a.cms.omniupdate.com/10/#usu/extension/rangelands/browse/staging/
Relationships,http://a.cms.omniupdate.com/10/#usu/extension/Relationships/browse/staging/
Rich,http://a.cms.omniupdate.com/10/#usu/extension/Rich/browse/staging/
RRA,http://a.cms.omniupdate.com/10/#usu/extension/RRA/browse/staging/
RuralOnlineInitiative,http://a.cms.omniupdate.com/10/#usu/extension/RuralOnlineInitiative/browse/staging/
RuralTax,http://a.cms.omniupdate.com/10/#usu/extension/RuralTax/browse/staging/
SaltLake,http://a.cms.omniupdate.com/10/#usu/extension/SaltLake/browse/staging/
SaltLake4-H,http://a.cms.omniupdate.com/10/#usu/extension/SaltLake4-H/browse/staging/
SanJuan,http://a.cms.omniupdate.com/10/#usu/extension/SanJuan/browse/staging/
Sanpete,http://a.cms.omniupdate.com/10/#usu/extension/Sanpete/browse/staging/
SBDC,http://a.cms.omniupdate.com/10/#usu/extension/SBDC/browse/staging/
SchoolIPM,http://a.cms.omniupdate.com/10/#usu/extension/SchoolIPM/browse/staging/
Sevier,http://a.cms.omniupdate.com/10/#usu/extension/Sevier/browse/staging/
SevierCounty4-H,http://a.cms.omniupdate.com/10/#usu/extension/SevierCounty4-H/browse/staging/
Sewing,http://a.cms.omniupdate.com/10/#usu/extension/Sewing/browse/staging/
SmallFarms,http://a.cms.omniupdate.com/10/#usu/extension/SmallFarms/browse/staging/
Soaper_Hero,http://a.cms.omniupdate.com/10/#usu/extension/Soaper_Hero/browse/staging/
Spanish,http://a.cms.omniupdate.com/10/#usu/extension/Spanish/browse/staging/
staging_xsl,http://a.cms.omniupdate.com/10/#usu/extension/staging_xsl/browse/staging/
StreamSideScience,http://a.cms.omniupdate.com/10/#usu/extension/StreamSideScience/browse/staging/
Summit,http://a.cms.omniupdate.com/10/#usu/extension/Summit/browse/staging/
sustainability,http://a.cms.omniupdate.com/10/#usu/extension/sustainability/browse/staging/
Swaner,http://a.cms.omniupdate.com/10/#usu/extension/Swaner/browse/staging/
Tooele,http://a.cms.omniupdate.com/10/#usu/extension/Tooele/browse/staging/
Turfgrass,http://a.cms.omniupdate.com/10/#usu/extension/Turfgrass/browse/staging/
UACAA,http://a.cms.omniupdate.com/10/#usu/extension/UACAA/browse/staging/
UAE4-HW,http://a.cms.omniupdate.com/10/#usu/extension/UAE4-HW/browse/staging/
UEAFCS,http://a.cms.omniupdate.com/10/#usu/extension/UEAFCS/browse/staging/
UEDEN,http://a.cms.omniupdate.com/10/#usu/extension/UEDEN/browse/staging/
Uintah,http://a.cms.omniupdate.com/10/#usu/extension/Uintah/browse/staging/
UPPDL,http://a.cms.omniupdate.com/10/#usu/extension/UPPDL/browse/staging/
USUBotanicalCenter,http://a.cms.omniupdate.com/10/#usu/extension/USUBotanicalCenter/browse/staging/
Utah,http://a.cms.omniupdate.com/10/#usu/extension/Utah/browse/staging/
utah4-H,http://a.cms.omniupdate.com/10/#usu/extension/utah4-H/browse/staging/
UtahBiomassResources,http://a.cms.omniupdate.com/10/#usu/extension/UtahBiomassResources/browse/staging/
utahcbcp,http://a.cms.omniupdate.com/10/#usu/extension/utahcbcp/browse/staging/
UtahCounty4-H,http://a.cms.omniupdate.com/10/#usu/extension/UtahCounty4-H/browse/staging/
UtahEFNEP,http://a.cms.omniupdate.com/10/#usu/extension/UtahEFNEP/browse/staging/
UtahPests,http://a.cms.omniupdate.com/10/#usu/extension/UtahPests/browse/staging/
UtahVegetableVarietiesReview,http://a.cms.omniupdate.com/10/#usu/extension/UtahVegetableVarietiesReview/browse/staging/
UtahWaterWatch,http://a.cms.omniupdate.com/10/#usu/extension/UtahWaterWatch/browse/staging/
VetFeed,http://a.cms.omniupdate.com/10/#usu/extension/VetFeed/browse/staging/
Wasatch,http://a.cms.omniupdate.com/10/#usu/extension/Wasatch/browse/staging/
WasatchFront,http://a.cms.omniupdate.com/10/#usu/extension/WasatchFront/browse/staging/
Washington,http://a.cms.omniupdate.com/10/#usu/extension/Washington/browse/staging/
Water,http://a.cms.omniupdate.com/10/#usu/extension/Water/browse/staging/
Water_maps,http://a.cms.omniupdate.com/10/#usu/extension/Water_maps/browse/staging/
WaterQuality,http://a.cms.omniupdate.com/10/#usu/extension/WaterQuality/browse/staging/
Wayne,http://a.cms.omniupdate.com/10/#usu/extension/Wayne/browse/staging/
Weber,http://a.cms.omniupdate.com/10/#usu/extension/Weber/browse/staging/
WeberCounty4-h,http://a.cms.omniupdate.com/10/#usu/extension/WeberCounty4-h/browse/staging/
Webinars,http://a.cms.omniupdate.com/10/#usu/extension/Webinars/browse/staging/
WildlifeConflicts,http://a.cms.omniupdate.com/10/#usu/extension/WildlifeConflicts/browse/staging/
WRDC,http://a.cms.omniupdate.com/10/#usu/extension/WRDC/browse/staging/
WROAM,http://a.cms.omniupdate.com/10/#usu/extension/WROAM/browse/staging/
xsl,http://a.cms.omniupdate.com/10/#usu/extension/xsl/browse/staging/
xsl_david_sharratt,http://a.cms.omniupdate.com/10/#usu/extension/xsl_david_sharratt/browse/staging/
xsl_staging,http://a.cms.omniupdate.com/10/#usu/extension/xsl_staging/browse/staging/
YardAndGarden,http://a.cms.omniupdate.com/10/#usu/extension/YardAndGarden/browse/staging/
YouthCanCook,http://a.cms.omniupdate.com/10/#usu/extension/YouthCanCook/browse/staging/
